{"cameraMode":{"drawMode":0,"name":"Shaded","section":"Shading Mode"},"sceneLighting":true,"audioPlay":false,"sceneViewState":{"m_AlwaysRefresh":false,"showFog":true,"showSkybox":true,"showFlares":true,"showImageEffects":true,"showParticleSystems":true,"showVisualEffectGraphs":true,"m_FxEnabled":true},"in2DMode":false,"pivot":{"x":-3.9970626831054689,"y":0.9031543731689453,"z":3.902791976928711},"rotation":{"x":0.04080022871494293,"y":-0.36313605308532717,"z":0.01591825857758522,"w":0.9307098984718323},"size":3.6880762577056886,"orthographic":false}